compare_name,ref_index,ref_class,cmp_class,class_match,ref_score,cmp_score,score_diff,box_iou,mask_iou,mask_dice,ref_mask_pixels,cmp_mask_pixels,mask_pixels_diff,ref_box,cmp_box
INT8_1image,0,person,person,1,0.867933988571167,0.5083010196685791,-0.3596329689025879,0.9021995502067666,0.9340258476769381,0.9658876573949067,56413,54925,-1488,"[47, 392, 224, 907]","[51, 392, 211, 906]"
INT8_1image,1,bus,train,0,0.867035984992981,0.2617189884185791,-0.6053169965744019,0.9618225505004256,0.931740653752236,0.9646643320804082,257033,244698,-12335,"[23, 230, 807, 745]","[25, 229, 797, 734]"
INT8_1image,2,person,person,1,0.7745829820632935,0.3901369869709015,-0.38444599509239197,0.9250835659236175,0.9104946348858503,0.9531506849169993,33834,31866,-1968,"[220, 405, 346, 860]","[223, 401, 341, 862]"
INT8_1image,3,person,bus,0,0.6867910027503967,0.25976601243019104,-0.4270249903202057,0.10554385496221758,0.0006499560892735968,0.0012990678414932357,19901,238746,218845,"[672, 379, 809, 870]","[17, 225, 797, 733]"
INT8_toycalib,0,person,person,1,0.867933988571167,0.7792969942092896,-0.08863699436187744,0.9178212933912806,0.9469077668887408,0.9727299700508651,56413,54808,-1605,"[47, 392, 224, 907]","[47, 393, 213, 897]"
INT8_toycalib,1,bus,bus,1,0.867035984992981,0.8022459745407104,-0.06479001045227051,0.9754145435414899,0.9470137500721311,0.9727858881705864,257033,257259,226,"[23, 230, 807, 745]","[27, 226, 802, 748]"
INT8_toycalib,2,person,person,1,0.7745829820632935,0.6113280057907104,-0.163254976272583,0.9824175824004462,0.9626933309662108,0.9809921048565323,33834,33296,-538,"[220, 405, 346, 860]","[220, 408, 346, 855]"
INT8_toycalib,3,person,person,1,0.6867910027503967,0.5585939884185791,-0.12819701433181763,0.9609691023186022,0.8927444794532349,0.9433333333098674,19901,20299,398,"[672, 379, 809, 870]","[669, 372, 809, 868]"
